timeStamp,elapsed,label,responseCode,responseMessage,threadName,dataType,success,failureMessage,bytes,sentBytes,grpThreads,allThreads,URL,Latency,IdleTime,Connect
1740548340398,279,HTTP Request,200,OK,500RutaPorSegundo 1-6,text,true,,394,264,146,146,http://127.0.0.1:5001/api/entregas,279,0,1
1740548340387,329,HTTP Request,200,OK,500RutaPorSegundo 1-1,text,true,,393,264,164,164,http://127.0.0.1:5001/api/entregas,329,0,2
1740548340404,316,HTTP Request,200,OK,500RutaPorSegundo 1-10,text,true,,395,264,165,165,http://127.0.0.1:5001/api/entregas,316,0,0
1740548340401,343,HTTP Request,200,OK,500RutaPorSegundo 1-8,text,true,,394,264,176,176,http://127.0.0.1:5001/api/entregas,343,0,0
1740548340420,325,HTTP Request,200,OK,500RutaPorSegundo 1-17,text,true,,396,264,175,175,http://127.0.0.1:5001/api/entregas,325,0,2
1740548340413,335,HTTP Request,200,OK,500RutaPorSegundo 1-14,text,true,,394,264,174,174,http://127.0.0.1:5001/api/entregas,335,0,0
1740548340415,336,HTTP Request,200,OK,500RutaPorSegundo 1-15,text,true,,396,264,177,177,http://127.0.0.1:5001/api/entregas,336,0,0
1740548340395,370,HTTP Request,200,OK,500RutaPorSegundo 1-5,text,true,,396,264,183,183,http://127.0.0.1:5001/api/entregas,370,0,0
1740548340437,328,HTTP Request,200,OK,500RutaPorSegundo 1-25,text,true,,396,264,182,182,http://127.0.0.1:5001/api/entregas,328,0,2
1740548340449,319,HTTP Request,200,OK,500RutaPorSegundo 1-31,text,true,,396,264,181,181,http://127.0.0.1:5001/api/entregas,319,0,2
1740548340445,354,HTTP Request,200,OK,500RutaPorSegundo 1-27,text,true,,394,264,196,196,http://127.0.0.1:5001/api/entregas,353,0,2
1740548340388,423,HTTP Request,200,OK,500RutaPorSegundo 1-2,text,true,,394,264,202,202,http://127.0.0.1:5001/api/entregas,423,0,1
1740548340528,309,HTTP Request,200,OK,500RutaPorSegundo 1-70,text,true,,395,264,213,213,http://127.0.0.1:5001/api/entregas,309,0,1
1740548340451,404,HTTP Request,200,OK,500RutaPorSegundo 1-30,text,true,,395,264,222,222,http://127.0.0.1:5001/api/entregas,404,0,1
1740548340418,446,HTTP Request,200,OK,500RutaPorSegundo 1-16,text,true,,397,264,225,225,http://127.0.0.1:5001/api/entregas,446,0,0
1740548340403,464,HTTP Request,200,OK,500RutaPorSegundo 1-9,text,true,,396,264,225,225,http://127.0.0.1:5001/api/entregas,464,0,1
1740548340445,428,HTTP Request,200,OK,500RutaPorSegundo 1-28,text,true,,395,264,228,228,http://127.0.0.1:5001/api/entregas,428,0,0
1740548340429,445,HTTP Request,200,OK,500RutaPorSegundo 1-20,text,true,,398,264,227,227,http://127.0.0.1:5001/api/entregas,445,0,2
1740548340406,482,HTTP Request,200,OK,500RutaPorSegundo 1-11,text,true,,394,264,232,232,http://127.0.0.1:5001/api/entregas,482,0,1
1740548340444,444,HTTP Request,200,OK,500RutaPorSegundo 1-26,text,true,,397,264,232,232,http://127.0.0.1:5001/api/entregas,444,0,1
1740548340430,481,HTTP Request,200,OK,500RutaPorSegundo 1-21,text,true,,395,264,241,241,http://127.0.0.1:5001/api/entregas,480,0,2
1740548340446,471,HTTP Request,200,OK,500RutaPorSegundo 1-29,text,true,,395,264,245,245,http://127.0.0.1:5001/api/entregas,471,0,2
1740548340497,425,HTTP Request,200,OK,500RutaPorSegundo 1-53,text,true,,395,264,246,246,http://127.0.0.1:5001/api/entregas,425,0,33
1740548340468,458,HTTP Request,200,OK,500RutaPorSegundo 1-37,text,true,,394,264,246,246,http://127.0.0.1:5001/api/entregas,458,0,27
1740548340431,508,HTTP Request,200,OK,500RutaPorSegundo 1-22,text,true,,397,264,251,251,http://127.0.0.1:5001/api/entregas,508,0,4
1740548340436,504,HTTP Request,200,OK,500RutaPorSegundo 1-24,text,true,,396,264,250,250,http://127.0.0.1:5001/api/entregas,504,0,2
1740548340408,581,HTTP Request,200,OK,500RutaPorSegundo 1-12,text,true,,396,264,276,276,http://127.0.0.1:5001/api/entregas,581,0,1
1740548340392,599,HTTP Request,200,OK,500RutaPorSegundo 1-4,text,true,,395,264,275,275,http://127.0.0.1:5001/api/entregas,599,0,1
1740548340500,503,HTTP Request,200,OK,500RutaPorSegundo 1-41,text,true,,396,264,280,280,http://127.0.0.1:5001/api/entregas,503,0,29
1740548340500,505,HTTP Request,200,OK,500RutaPorSegundo 1-57,text,true,,395,264,279,279,http://127.0.0.1:5001/api/entregas,505,0,29
1740548340534,472,HTTP Request,200,OK,500RutaPorSegundo 1-59,text,true,,394,264,279,279,http://127.0.0.1:5001/api/entregas,471,0,4
1740548340482,531,HTTP Request,200,OK,500RutaPorSegundo 1-45,text,true,,395,264,282,282,http://127.0.0.1:5001/api/entregas,530,0,30
1740548340459,564,HTTP Request,200,OK,500RutaPorSegundo 1-36,text,true,,396,264,286,286,http://127.0.0.1:5001/api/entregas,564,0,16
1740548340420,610,HTTP Request,200,OK,500RutaPorSegundo 1-18,text,true,,395,264,289,289,http://127.0.0.1:5001/api/entregas,610,0,2
1740548340401,637,HTTP Request,200,OK,500RutaPorSegundo 1-7,text,true,,395,264,291,291,http://127.0.0.1:5001/api/entregas,637,0,0
1740548340519,524,HTTP Request,200,OK,500RutaPorSegundo 1-42,text,true,,396,264,292,292,http://127.0.0.1:5001/api/entregas,524,0,7
1740548340432,616,HTTP Request,200,OK,500RutaPorSegundo 1-23,text,true,,397,264,294,294,http://127.0.0.1:5001/api/entregas,616,0,3
1740548340411,642,HTTP Request,200,OK,500RutaPorSegundo 1-13,text,true,,396,264,296,296,http://127.0.0.1:5001/api/entregas,642,0,1
1740548340539,514,HTTP Request,200,OK,500RutaPorSegundo 1-71,text,true,,395,264,296,296,http://127.0.0.1:5001/api/entregas,514,0,5
1740548340530,526,HTTP Request,200,OK,500RutaPorSegundo 1-55,text,true,,395,264,295,295,http://127.0.0.1:5001/api/entregas,526,0,3
1740548340547,512,HTTP Request,200,OK,500RutaPorSegundo 1-81,text,true,,396,264,295,295,http://127.0.0.1:5001/api/entregas,512,0,0
1740548340535,524,HTTP Request,200,OK,500RutaPorSegundo 1-62,text,true,,395,264,295,295,http://127.0.0.1:5001/api/entregas,524,0,9
1740548340506,555,HTTP Request,200,OK,500RutaPorSegundo 1-46,text,true,,396,264,293,293,http://127.0.0.1:5001/api/entregas,554,0,30
1740548340549,512,HTTP Request,200,OK,500RutaPorSegundo 1-82,text,true,,394,264,292,292,http://127.0.0.1:5001/api/entregas,512,0,0
1740548340485,576,HTTP Request,200,OK,500RutaPorSegundo 1-47,text,true,,395,264,291,291,http://127.0.0.1:5001/api/entregas,576,0,44
1740548340391,671,HTTP Request,200,OK,500RutaPorSegundo 1-3,text,true,,395,264,291,291,http://127.0.0.1:5001/api/entregas,671,0,0
1740548340503,565,HTTP Request,200,OK,500RutaPorSegundo 1-56,text,true,,396,264,294,294,http://127.0.0.1:5001/api/entregas,565,0,27
1740548340564,514,HTTP Request,200,OK,500RutaPorSegundo 1-88,text,true,,396,264,298,298,http://127.0.0.1:5001/api/entregas,514,0,1
1740548340491,589,HTTP Request,200,OK,500RutaPorSegundo 1-44,text,true,,396,264,298,298,http://127.0.0.1:5001/api/entregas,589,0,6
1740548340454,633,HTTP Request,200,OK,500RutaPorSegundo 1-34,text,true,,396,264,300,300,http://127.0.0.1:5001/api/entregas,633,0,2
1740548340530,562,HTTP Request,200,OK,500RutaPorSegundo 1-69,text,true,,397,264,299,299,http://127.0.0.1:5001/api/entregas,562,0,8
1740548340451,645,HTTP Request,200,OK,500RutaPorSegundo 1-32,text,true,,394,264,298,298,http://127.0.0.1:5001/api/entregas,645,0,2
1740548340457,641,HTTP Request,200,OK,500RutaPorSegundo 1-33,text,true,,393,264,297,297,http://127.0.0.1:5001/api/entregas,641,0,2
1740548340456,646,HTTP Request,200,OK,500RutaPorSegundo 1-35,text,true,,394,264,298,298,http://127.0.0.1:5001/api/entregas,646,0,4
1740548340535,568,HTTP Request,200,OK,500RutaPorSegundo 1-63,text,true,,393,264,297,297,http://127.0.0.1:5001/api/entregas,568,0,9
1740548340541,566,HTTP Request,200,OK,500RutaPorSegundo 1-78,text,true,,394,264,297,297,http://127.0.0.1:5001/api/entregas,566,0,2
1740548340607,511,HTTP Request,200,OK,500RutaPorSegundo 1-111,text,true,,396,264,301,301,http://127.0.0.1:5001/api/entregas,510,0,0
1740548340532,597,HTTP Request,200,OK,500RutaPorSegundo 1-72,text,true,,396,264,310,310,http://127.0.0.1:5001/api/entregas,597,0,7
1740548340529,606,HTTP Request,200,OK,500RutaPorSegundo 1-43,text,true,,395,264,312,312,http://127.0.0.1:5001/api/entregas,606,0,4
1740548340581,566,HTTP Request,200,OK,500RutaPorSegundo 1-98,text,true,,394,264,319,319,http://127.0.0.1:5001/api/entregas,566,0,0
1740548340515,652,HTTP Request,200,OK,500RutaPorSegundo 1-50,text,true,,393,264,330,330,http://127.0.0.1:5001/api/entregas,652,0,16
1740548340561,611,HTTP Request,200,OK,500RutaPorSegundo 1-87,text,true,,396,264,332,332,http://127.0.0.1:5001/api/entregas,609,0,0
1740548340531,643,HTTP Request,200,OK,500RutaPorSegundo 1-64,text,true,,397,264,331,331,http://127.0.0.1:5001/api/entregas,641,0,4
1740548340561,635,HTTP Request,200,OK,500RutaPorSegundo 1-86,text,true,,394,264,342,342,http://127.0.0.1:5001/api/entregas,635,0,0
1740548340517,685,HTTP Request,200,OK,500RutaPorSegundo 1-38,text,true,,393,264,342,342,http://127.0.0.1:5001/api/entregas,685,0,15
1740548340542,706,HTTP Request,200,OK,500RutaPorSegundo 1-76,text,true,,395,264,366,366,http://127.0.0.1:5001/api/entregas,706,0,0
1740548340425,847,HTTP Request,200,OK,500RutaPorSegundo 1-19,text,true,,396,264,377,377,http://127.0.0.1:5001/api/entregas,846,0,4
1740548340565,707,HTTP Request,200,OK,500RutaPorSegundo 1-90,text,true,,395,264,377,377,http://127.0.0.1:5001/api/entregas,707,0,1
1740548340628,680,HTTP Request,200,OK,500RutaPorSegundo 1-120,text,true,,397,264,393,393,http://127.0.0.1:5001/api/entregas,680,0,1
1740548340538,784,HTTP Request,200,OK,500RutaPorSegundo 1-75,text,true,,393,264,398,398,http://127.0.0.1:5001/api/entregas,784,0,3
1740548340529,793,HTTP Request,200,OK,500RutaPorSegundo 1-52,text,true,,396,264,397,397,http://127.0.0.1:5001/api/entregas,793,0,5
1740548340645,685,HTTP Request,200,OK,500RutaPorSegundo 1-128,text,true,,396,264,401,401,http://127.0.0.1:5001/api/entregas,685,0,1
1740548340493,847,HTTP Request,200,OK,500RutaPorSegundo 1-40,text,true,,396,264,404,404,http://127.0.0.1:5001/api/entregas,846,0,4
1740548340518,826,HTTP Request,200,OK,500RutaPorSegundo 1-61,text,true,,393,264,406,406,http://127.0.0.1:5001/api/entregas,826,0,1
1740548340552,810,HTTP Request,200,OK,500RutaPorSegundo 1-84,text,true,,395,264,413,413,http://127.0.0.1:5001/api/entregas,810,0,1
1740548340529,845,HTTP Request,200,OK,500RutaPorSegundo 1-49,text,true,,397,264,419,419,http://127.0.0.1:5001/api/entregas,845,0,16
1740548340493,890,HTTP Request,200,OK,500RutaPorSegundo 1-39,text,true,,396,264,423,423,http://127.0.0.1:5001/api/entregas,890,0,37
1740548340577,808,HTTP Request,200,OK,500RutaPorSegundo 1-96,text,true,,396,264,422,422,http://127.0.0.1:5001/api/entregas,808,0,0
1740548340546,843,HTTP Request,200,OK,500RutaPorSegundo 1-79,text,true,,396,264,422,422,http://127.0.0.1:5001/api/entregas,843,0,1
1740548340534,861,HTTP Request,200,OK,500RutaPorSegundo 1-58,text,true,,396,264,421,421,http://127.0.0.1:5001/api/entregas,861,0,3
1740548340542,859,HTTP Request,200,OK,500RutaPorSegundo 1-74,text,true,,397,264,420,420,http://127.0.0.1:5001/api/entregas,859,0,3
1740548340506,897,HTTP Request,200,OK,500RutaPorSegundo 1-60,text,true,,396,264,419,419,http://127.0.0.1:5001/api/entregas,897,0,25
1740548340658,752,HTTP Request,200,OK,500RutaPorSegundo 1-134,text,true,,394,264,418,418,http://127.0.0.1:5001/api/entregas,752,0,0
1740548340660,755,HTTP Request,200,OK,500RutaPorSegundo 1-137,text,true,,395,264,417,417,http://127.0.0.1:5001/api/entregas,755,0,1
1740548340559,862,HTTP Request,200,OK,500RutaPorSegundo 1-85,text,true,,394,264,416,416,http://127.0.0.1:5001/api/entregas,862,0,1
1740548340615,820,HTTP Request,200,OK,500RutaPorSegundo 1-115,text,true,,396,264,415,415,http://127.0.0.1:5001/api/entregas,820,0,0
1740548340582,853,HTTP Request,200,OK,500RutaPorSegundo 1-99,text,true,,397,264,415,415,http://127.0.0.1:5001/api/entregas,853,0,0
1740548340544,894,HTTP Request,200,OK,500RutaPorSegundo 1-77,text,true,,395,264,413,413,http://127.0.0.1:5001/api/entregas,894,0,1
1740548340634,805,HTTP Request,200,OK,500RutaPorSegundo 1-124,text,true,,396,264,412,412,http://127.0.0.1:5001/api/entregas,805,0,1
1740548340657,789,HTTP Request,200,OK,500RutaPorSegundo 1-136,text,true,,396,264,411,411,http://127.0.0.1:5001/api/entregas,789,0,1
1740548340569,880,HTTP Request,200,OK,500RutaPorSegundo 1-91,text,true,,396,264,410,410,http://127.0.0.1:5001/api/entregas,880,0,0
1740548340601,850,HTTP Request,200,OK,500RutaPorSegundo 1-108,text,true,,395,264,409,409,http://127.0.0.1:5001/api/entregas,850,0,0
1740548340562,895,HTTP Request,200,OK,500RutaPorSegundo 1-89,text,true,,395,264,408,408,http://127.0.0.1:5001/api/entregas,895,0,1
1740548340578,883,HTTP Request,200,OK,500RutaPorSegundo 1-97,text,true,,397,264,407,407,http://127.0.0.1:5001/api/entregas,883,0,1
1740548340599,864,HTTP Request,200,OK,500RutaPorSegundo 1-105,text,true,,396,264,406,406,http://127.0.0.1:5001/api/entregas,864,0,1
1740548340645,818,HTTP Request,200,OK,500RutaPorSegundo 1-130,text,true,,395,264,405,405,http://127.0.0.1:5001/api/entregas,818,0,0
1740548340607,861,HTTP Request,200,OK,500RutaPorSegundo 1-109,text,true,,396,264,404,404,http://127.0.0.1:5001/api/entregas,861,0,0
1740548340531,940,HTTP Request,200,OK,500RutaPorSegundo 1-68,text,true,,394,264,403,403,http://127.0.0.1:5001/api/entregas,940,0,4
1740548340600,876,HTTP Request,200,OK,500RutaPorSegundo 1-104,text,true,,396,264,402,402,http://127.0.0.1:5001/api/entregas,875,0,0
1740548340645,842,HTTP Request,200,OK,500RutaPorSegundo 1-129,text,true,,395,264,401,401,http://127.0.0.1:5001/api/entregas,842,0,1
1740548340708,785,HTTP Request,200,OK,500RutaPorSegundo 1-160,text,true,,396,264,400,400,http://127.0.0.1:5001/api/entregas,784,0,0
1740548340679,825,HTTP Request,200,OK,500RutaPorSegundo 1-147,text,true,,394,264,399,399,http://127.0.0.1:5001/api/entregas,825,0,1
1740548340534,987,HTTP Request,200,OK,500RutaPorSegundo 1-66,text,true,,396,264,398,398,http://127.0.0.1:5001/api/entregas,987,0,2
1740548340600,924,HTTP Request,200,OK,500RutaPorSegundo 1-107,text,true,,395,264,397,397,http://127.0.0.1:5001/api/entregas,924,0,1
1740548340678,862,HTTP Request,200,OK,500RutaPorSegundo 1-146,text,true,,392,264,396,396,http://127.0.0.1:5001/api/entregas,862,0,1
1740548340607,941,HTTP Request,200,OK,500RutaPorSegundo 1-110,text,true,,396,264,395,395,http://127.0.0.1:5001/api/entregas,941,0,1
1740548340589,968,HTTP Request,200,OK,500RutaPorSegundo 1-102,text,true,,396,264,394,394,http://127.0.0.1:5001/api/entregas,968,0,1
1740548340634,929,HTTP Request,200,OK,500RutaPorSegundo 1-122,text,true,,395,264,393,393,http://127.0.0.1:5001/api/entregas,929,0,1
1740548340627,940,HTTP Request,200,OK,500RutaPorSegundo 1-121,text,true,,396,264,392,392,http://127.0.0.1:5001/api/entregas,940,0,1
1740548340810,759,HTTP Request,200,OK,500RutaPorSegundo 1-212,text,true,,396,264,391,391,http://127.0.0.1:5001/api/entregas,759,0,1
1740548340608,970,HTTP Request,200,OK,500RutaPorSegundo 1-112,text,true,,397,264,390,390,http://127.0.0.1:5001/api/entregas,970,0,1
1740548340665,919,HTTP Request,200,OK,500RutaPorSegundo 1-139,text,true,,394,264,389,389,http://127.0.0.1:5001/api/entregas,919,0,1
1740548340650,935,HTTP Request,200,OK,500RutaPorSegundo 1-133,text,true,,397,264,388,388,http://127.0.0.1:5001/api/entregas,935,0,1
1740548340681,911,HTTP Request,200,OK,500RutaPorSegundo 1-148,text,true,,395,264,387,387,http://127.0.0.1:5001/api/entregas,911,0,1
1740548340612,994,HTTP Request,200,OK,500RutaPorSegundo 1-114,text,true,,396,264,386,386,http://127.0.0.1:5001/api/entregas,993,0,1
1740548340706,935,HTTP Request,200,OK,500RutaPorSegundo 1-159,text,true,,397,264,385,385,http://127.0.0.1:5001/api/entregas,935,0,1
1740548340671,981,HTTP Request,200,OK,500RutaPorSegundo 1-141,text,true,,393,264,384,384,http://127.0.0.1:5001/api/entregas,981,0,1
1740548340584,1074,HTTP Request,200,OK,500RutaPorSegundo 1-100,text,true,,397,264,383,383,http://127.0.0.1:5001/api/entregas,1073,0,1
1740548340542,1123,HTTP Request,200,OK,500RutaPorSegundo 1-73,text,true,,395,264,382,382,http://127.0.0.1:5001/api/entregas,1123,0,2
1740548340621,1050,HTTP Request,200,OK,500RutaPorSegundo 1-116,text,true,,396,264,381,381,http://127.0.0.1:5001/api/entregas,1050,0,2
1740548340569,1113,HTTP Request,200,OK,500RutaPorSegundo 1-92,text,true,,396,264,380,380,http://127.0.0.1:5001/api/entregas,1113,0,1
1740548340652,1030,HTTP Request,200,OK,500RutaPorSegundo 1-132,text,true,,394,264,380,380,http://127.0.0.1:5001/api/entregas,1030,0,0
1740548340574,1115,HTTP Request,200,OK,500RutaPorSegundo 1-93,text,true,,395,264,378,378,http://127.0.0.1:5001/api/entregas,1115,0,1
1740548340517,1173,HTTP Request,200,OK,500RutaPorSegundo 1-65,text,true,,396,264,377,377,http://127.0.0.1:5001/api/entregas,1173,0,9
1740548340720,975,HTTP Request,200,OK,500RutaPorSegundo 1-167,text,true,,398,264,376,376,http://127.0.0.1:5001/api/entregas,974,0,1
1740548340590,1119,HTTP Request,200,OK,500RutaPorSegundo 1-103,text,true,,395,264,375,375,http://127.0.0.1:5001/api/entregas,1119,0,0
1740548340796,912,HTTP Request,200,OK,500RutaPorSegundo 1-205,text,true,,396,264,375,375,http://127.0.0.1:5001/api/entregas,912,0,1
1740548340730,980,HTTP Request,200,OK,500RutaPorSegundo 1-173,text,true,,396,264,373,373,http://127.0.0.1:5001/api/entregas,980,0,0
1740548340531,1201,HTTP Request,200,OK,500RutaPorSegundo 1-67,text,true,,395,264,372,372,http://127.0.0.1:5001/api/entregas,1201,0,3
1740548340642,1092,HTTP Request,200,OK,500RutaPorSegundo 1-126,text,true,,397,264,371,371,http://127.0.0.1:5001/api/entregas,1091,0,1
1740548340836,899,HTTP Request,200,OK,500RutaPorSegundo 1-223,text,true,,396,264,370,370,http://127.0.0.1:5001/api/entregas,899,0,0
1740548340533,1203,HTTP Request,200,OK,500RutaPorSegundo 1-54,text,true,,396,264,369,369,http://127.0.0.1:5001/api/entregas,1203,0,10
1740548340621,1116,HTTP Request,200,OK,500RutaPorSegundo 1-118,text,true,,395,264,368,368,http://127.0.0.1:5001/api/entregas,1116,0,1
1740548340700,1046,HTTP Request,200,OK,500RutaPorSegundo 1-157,text,true,,395,264,367,367,http://127.0.0.1:5001/api/entregas,1046,0,2
1740548340673,1078,HTTP Request,200,OK,500RutaPorSegundo 1-143,text,true,,397,264,366,366,http://127.0.0.1:5001/api/entregas,1078,0,1
1740548340627,1126,HTTP Request,200,OK,500RutaPorSegundo 1-119,text,true,,395,264,365,365,http://127.0.0.1:5001/api/entregas,1126,0,1
1740548340673,1082,HTTP Request,200,OK,500RutaPorSegundo 1-144,text,true,,396,264,364,364,http://127.0.0.1:5001/api/entregas,1082,0,1
1740548340695,1069,HTTP Request,200,OK,500RutaPorSegundo 1-153,text,true,,395,264,363,363,http://127.0.0.1:5001/api/entregas,1069,0,2
1740548340549,1227,HTTP Request,200,OK,500RutaPorSegundo 1-80,text,true,,395,264,362,362,http://127.0.0.1:5001/api/entregas,1227,0,0
1740548340771,1010,HTTP Request,200,OK,500RutaPorSegundo 1-191,text,true,,397,264,361,361,http://127.0.0.1:5001/api/entregas,1009,0,1
1740548340552,1237,HTTP Request,200,OK,500RutaPorSegundo 1-83,text,true,,396,264,360,360,http://127.0.0.1:5001/api/entregas,1237,0,1
1740548340673,1124,HTTP Request,200,OK,500RutaPorSegundo 1-142,text,true,,395,264,359,359,http://127.0.0.1:5001/api/entregas,1124,0,1
1740548340640,1199,HTTP Request,200,OK,500RutaPorSegundo 1-125,text,true,,397,264,358,358,http://127.0.0.1:5001/api/entregas,1198,0,2
1740548340586,1254,HTTP Request,200,OK,500RutaPorSegundo 1-101,text,true,,393,264,357,357,http://127.0.0.1:5001/api/entregas,1254,0,0
1740548340622,1232,HTTP Request,200,OK,500RutaPorSegundo 1-117,text,true,,395,264,356,356,http://127.0.0.1:5001/api/entregas,1231,0,1
1740548340577,1279,HTTP Request,200,OK,500RutaPorSegundo 1-94,text,true,,397,264,355,355,http://127.0.0.1:5001/api/entregas,1279,0,1
1740548340642,1228,HTTP Request,200,OK,500RutaPorSegundo 1-127,text,true,,397,264,354,354,http://127.0.0.1:5001/api/entregas,1227,0,1
1740548340728,1164,HTTP Request,200,OK,500RutaPorSegundo 1-171,text,true,,394,264,353,353,http://127.0.0.1:5001/api/entregas,1164,0,1
1740548340783,1110,HTTP Request,200,OK,500RutaPorSegundo 1-199,text,true,,396,264,352,352,http://127.0.0.1:5001/api/entregas,1110,0,1
1740548340741,1172,HTTP Request,200,OK,500RutaPorSegundo 1-176,text,true,,397,264,351,351,http://127.0.0.1:5001/api/entregas,1172,0,0
1740548341107,813,HTTP Request,200,OK,500RutaPorSegundo 1-358,text,true,,397,264,350,350,http://127.0.0.1:5001/api/entregas,813,0,1
1740548340738,1189,HTTP Request,200,OK,500RutaPorSegundo 1-177,text,true,,393,264,349,349,http://127.0.0.1:5001/api/entregas,1189,0,0
1740548340865,1086,HTTP Request,200,OK,500RutaPorSegundo 1-240,text,true,,396,264,348,348,http://127.0.0.1:5001/api/entregas,1086,0,0
1740548341110,847,HTTP Request,200,OK,500RutaPorSegundo 1-356,text,true,,397,264,347,347,http://127.0.0.1:5001/api/entregas,847,0,1
1740548340765,1193,HTTP Request,200,OK,500RutaPorSegundo 1-190,text,true,,397,264,346,346,http://127.0.0.1:5001/api/entregas,1193,0,1
1740548340911,1049,HTTP Request,200,OK,500RutaPorSegundo 1-262,text,true,,395,264,345,345,http://127.0.0.1:5001/api/entregas,1049,0,1
1740548340952,1011,HTTP Request,200,OK,500RutaPorSegundo 1-282,text,true,,396,264,344,344,http://127.0.0.1:5001/api/entregas,1011,0,1
1740548340530,1442,HTTP Request,200,OK,500RutaPorSegundo 1-51,text,true,,395,264,343,343,http://127.0.0.1:5001/api/entregas,1442,0,4
1740548340678,1298,HTTP Request,200,OK,500RutaPorSegundo 1-145,text,true,,399,264,342,342,http://127.0.0.1:5001/api/entregas,1298,0,1
1740548340668,1309,HTTP Request,200,OK,500RutaPorSegundo 1-140,text,true,,397,264,341,341,http://127.0.0.1:5001/api/entregas,1309,0,1
1740548340711,1267,HTTP Request,200,OK,500RutaPorSegundo 1-162,text,true,,395,264,340,340,http://127.0.0.1:5001/api/entregas,1267,0,0
1740548340716,1269,HTTP Request,200,OK,500RutaPorSegundo 1-164,text,true,,395,264,339,339,http://127.0.0.1:5001/api/entregas,1269,0,1
1740548340740,1261,HTTP Request,200,OK,500RutaPorSegundo 1-178,text,true,,397,264,338,338,http://127.0.0.1:5001/api/entregas,1261,0,1
1740548341112,889,HTTP Request,200,OK,500RutaPorSegundo 1-359,text,true,,394,264,337,337,http://127.0.0.1:5001/api/entregas,889,0,1
1740548340941,1063,HTTP Request,200,OK,500RutaPorSegundo 1-276,text,true,,395,264,336,336,http://127.0.0.1:5001/api/entregas,1063,0,1
1740548340932,1073,HTTP Request,200,OK,500RutaPorSegundo 1-274,text,true,,396,264,335,335,http://127.0.0.1:5001/api/entregas,1073,0,1
1740548340984,1024,HTTP Request,200,OK,500RutaPorSegundo 1-299,text,true,,396,264,334,334,http://127.0.0.1:5001/api/entregas,1024,0,1
1740548340682,1327,HTTP Request,200,OK,500RutaPorSegundo 1-149,text,true,,393,264,333,333,http://127.0.0.1:5001/api/entregas,1327,0,3
1740548340779,1230,HTTP Request,200,OK,500RutaPorSegundo 1-197,text,true,,398,264,332,332,http://127.0.0.1:5001/api/entregas,1230,0,1
1740548340783,1230,HTTP Request,200,OK,500RutaPorSegundo 1-198,text,true,,396,264,331,331,http://127.0.0.1:5001/api/entregas,1230,0,1
1740548340647,1371,HTTP Request,200,OK,500RutaPorSegundo 1-131,text,true,,396,264,330,330,http://127.0.0.1:5001/api/entregas,1371,0,1
1740548340807,1217,HTTP Request,200,OK,500RutaPorSegundo 1-211,text,true,,396,264,329,329,http://127.0.0.1:5001/api/entregas,1216,0,0
1740548341101,931,HTTP Request,200,OK,500RutaPorSegundo 1-351,text,true,,396,264,328,328,http://127.0.0.1:5001/api/entregas,931,0,1
1740548341185,868,HTTP Request,200,OK,500RutaPorSegundo 1-398,text,true,,396,264,327,327,http://127.0.0.1:5001/api/entregas,868,0,7
1740548340610,1451,HTTP Request,200,OK,500RutaPorSegundo 1-113,text,true,,392,264,326,326,http://127.0.0.1:5001/api/entregas,1450,0,1
1740548340778,1283,HTTP Request,200,OK,500RutaPorSegundo 1-194,text,true,,396,264,326,326,http://127.0.0.1:5001/api/entregas,1283,0,1
1740548340993,1069,HTTP Request,200,OK,500RutaPorSegundo 1-303,text,true,,395,264,324,324,http://127.0.0.1:5001/api/entregas,1068,0,0
1740548340728,1349,HTTP Request,200,OK,500RutaPorSegundo 1-172,text,true,,395,264,323,323,http://127.0.0.1:5001/api/entregas,1349,0,0
1740548340711,1366,HTTP Request,200,OK,500RutaPorSegundo 1-163,text,true,,395,264,323,323,http://127.0.0.1:5001/api/entregas,1365,0,0
1740548340689,1389,HTTP Request,200,OK,500RutaPorSegundo 1-151,text,true,,396,264,321,321,http://127.0.0.1:5001/api/entregas,1389,0,0
1740548340701,1387,HTTP Request,200,OK,500RutaPorSegundo 1-156,text,true,,397,264,320,320,http://127.0.0.1:5001/api/entregas,1387,0,0
1740548340822,1271,HTTP Request,200,OK,500RutaPorSegundo 1-218,text,true,,397,264,319,319,http://127.0.0.1:5001/api/entregas,1271,0,0
1740548340824,1271,HTTP Request,200,OK,500RutaPorSegundo 1-219,text,true,,394,264,318,318,http://127.0.0.1:5001/api/entregas,1271,0,1
1740548340691,1414,HTTP Request,200,OK,500RutaPorSegundo 1-152,text,true,,396,264,317,317,http://127.0.0.1:5001/api/entregas,1413,0,2
1740548340849,1266,HTTP Request,200,OK,500RutaPorSegundo 1-231,text,true,,396,264,316,316,http://127.0.0.1:5001/api/entregas,1266,0,1
1740548340574,1554,HTTP Request,200,OK,500RutaPorSegundo 1-95,text,true,,396,264,315,315,http://127.0.0.1:5001/api/entregas,1554,0,1
1740548340751,1378,HTTP Request,200,OK,500RutaPorSegundo 1-183,text,true,,394,264,314,314,http://127.0.0.1:5001/api/entregas,1378,0,1
1740548340698,1432,HTTP Request,200,OK,500RutaPorSegundo 1-155,text,true,,394,264,313,313,http://127.0.0.1:5001/api/entregas,1431,0,2
1740548341126,1013,HTTP Request,200,OK,500RutaPorSegundo 1-361,text,true,,396,264,312,312,http://127.0.0.1:5001/api/entregas,1013,0,1
1740548340706,1444,HTTP Request,200,OK,500RutaPorSegundo 1-158,text,true,,397,264,311,311,http://127.0.0.1:5001/api/entregas,1444,0,4
1740548340512,1642,HTTP Request,200,OK,500RutaPorSegundo 1-48,text,true,,397,264,310,310,http://127.0.0.1:5001/api/entregas,1642,0,23
1740548340655,1499,HTTP Request,200,OK,500RutaPorSegundo 1-135,text,true,,395,264,309,309,http://127.0.0.1:5001/api/entregas,1499,0,1
1740548340891,1273,HTTP Request,200,OK,500RutaPorSegundo 1-251,text,true,,395,264,308,308,http://127.0.0.1:5001/api/entregas,1273,0,1
1740548340761,1417,HTTP Request,200,OK,500RutaPorSegundo 1-187,text,true,,393,264,307,307,http://127.0.0.1:5001/api/entregas,1417,0,1
1740548341208,975,HTTP Request,200,OK,500RutaPorSegundo 1-410,text,true,,395,264,306,306,http://127.0.0.1:5001/api/entregas,975,0,2
1740548341345,841,HTTP Request,200,OK,500RutaPorSegundo 1-480,text,true,,396,264,305,305,http://127.0.0.1:5001/api/entregas,841,0,0
1740548341337,850,HTTP Request,200,OK,500RutaPorSegundo 1-475,text,true,,396,264,304,304,http://127.0.0.1:5001/api/entregas,850,0,1
1740548340706,1483,HTTP Request,200,OK,500RutaPorSegundo 1-161,text,true,,397,264,303,303,http://127.0.0.1:5001/api/entregas,1483,0,3
1740548340963,1230,HTTP Request,200,OK,500RutaPorSegundo 1-287,text,true,,396,264,302,302,http://127.0.0.1:5001/api/entregas,1230,0,1
1740548340987,1207,HTTP Request,200,OK,500RutaPorSegundo 1-300,text,true,,396,264,301,301,http://127.0.0.1:5001/api/entregas,1206,0,0
1740548341062,1133,HTTP Request,200,OK,500RutaPorSegundo 1-336,text,true,,397,264,300,300,http://127.0.0.1:5001/api/entregas,1133,0,0
1740548341143,1053,HTTP Request,200,OK,500RutaPorSegundo 1-378,text,true,,396,264,299,299,http://127.0.0.1:5001/api/entregas,1053,0,0
1740548340718,1478,HTTP Request,200,OK,500RutaPorSegundo 1-166,text,true,,397,264,299,299,http://127.0.0.1:5001/api/entregas,1478,0,1
1740548340756,1441,HTTP Request,200,OK,500RutaPorSegundo 1-185,text,true,,397,264,297,297,http://127.0.0.1:5001/api/entregas,1441,0,0
1740548340883,1314,HTTP Request,200,OK,500RutaPorSegundo 1-249,text,true,,395,264,297,297,http://127.0.0.1:5001/api/entregas,1314,0,1
1740548341305,906,HTTP Request,200,OK,500RutaPorSegundo 1-460,text,true,,395,264,295,295,http://127.0.0.1:5001/api/entregas,905,0,0
1740548340818,1397,HTTP Request,200,OK,500RutaPorSegundo 1-217,text,true,,395,264,294,294,http://127.0.0.1:5001/api/entregas,1397,0,0
1740548340932,1296,HTTP Request,200,OK,500RutaPorSegundo 1-273,text,true,,396,264,293,293,http://127.0.0.1:5001/api/entregas,1295,0,1
1740548341011,1223,HTTP Request,200,OK,500RutaPorSegundo 1-313,text,true,,395,264,292,292,http://127.0.0.1:5001/api/entregas,1223,0,0
1740548341332,902,HTTP Request,200,OK,500RutaPorSegundo 1-472,text,true,,396,264,291,291,http://127.0.0.1:5001/api/entregas,902,0,1
1740548340987,1257,HTTP Request,200,OK,500RutaPorSegundo 1-301,text,true,,398,264,290,290,http://127.0.0.1:5001/api/entregas,1257,0,0
1740548340693,1566,HTTP Request,200,OK,500RutaPorSegundo 1-154,text,true,,399,264,289,289,http://127.0.0.1:5001/api/entregas,1566,0,1
1740548340797,1484,HTTP Request,200,OK,500RutaPorSegundo 1-206,text,true,,394,264,288,288,http://127.0.0.1:5001/api/entregas,1483,0,1
1740548341006,1278,HTTP Request,200,OK,500RutaPorSegundo 1-310,text,true,,398,264,287,287,http://127.0.0.1:5001/api/entregas,1278,0,0
1740548341024,1263,HTTP Request,200,OK,500RutaPorSegundo 1-318,text,true,,395,264,286,286,http://127.0.0.1:5001/api/entregas,1263,0,1
1740548340957,1334,HTTP Request,200,OK,500RutaPorSegundo 1-286,text,true,,393,264,285,285,http://127.0.0.1:5001/api/entregas,1334,0,1
1740548341381,913,HTTP Request,200,OK,500RutaPorSegundo 1-497,text,true,,397,264,284,284,http://127.0.0.1:5001/api/entregas,913,0,0
1740548340842,1460,HTTP Request,200,OK,500RutaPorSegundo 1-226,text,true,,396,264,283,283,http://127.0.0.1:5001/api/entregas,1460,0,1
1740548341353,950,HTTP Request,200,OK,500RutaPorSegundo 1-484,text,true,,396,264,282,282,http://127.0.0.1:5001/api/entregas,950,0,1
1740548340789,1516,HTTP Request,200,OK,500RutaPorSegundo 1-202,text,true,,396,264,281,281,http://127.0.0.1:5001/api/entregas,1516,0,0
1740548341102,1204,HTTP Request,200,OK,500RutaPorSegundo 1-357,text,true,,395,264,280,280,http://127.0.0.1:5001/api/entregas,1204,0,1
1740548340749,1559,HTTP Request,200,OK,500RutaPorSegundo 1-181,text,true,,397,264,279,279,http://127.0.0.1:5001/api/entregas,1559,0,1
1740548340802,1510,HTTP Request,200,OK,500RutaPorSegundo 1-207,text,true,,396,264,278,278,http://127.0.0.1:5001/api/entregas,1510,0,1
1740548341074,1240,HTTP Request,200,OK,500RutaPorSegundo 1-344,text,true,,393,264,277,277,http://127.0.0.1:5001/api/entregas,1240,0,1
1740548340749,1574,HTTP Request,200,OK,500RutaPorSegundo 1-182,text,true,,395,264,276,276,http://127.0.0.1:5001/api/entregas,1574,0,1
1740548340666,1667,HTTP Request,200,OK,500RutaPorSegundo 1-138,text,true,,395,264,275,275,http://127.0.0.1:5001/api/entregas,1667,0,3
1740548340762,1581,HTTP Request,200,OK,500RutaPorSegundo 1-189,text,true,,395,264,274,274,http://127.0.0.1:5001/api/entregas,1581,0,1
1740548340903,1458,HTTP Request,200,OK,500RutaPorSegundo 1-257,text,true,,396,264,273,273,http://127.0.0.1:5001/api/entregas,1458,0,1
1740548340894,1471,HTTP Request,200,OK,500RutaPorSegundo 1-252,text,true,,396,264,272,272,http://127.0.0.1:5001/api/entregas,1471,0,1
1740548340868,1500,HTTP Request,200,OK,500RutaPorSegundo 1-241,text,true,,396,264,271,271,http://127.0.0.1:5001/api/entregas,1500,0,0
1740548340761,1619,HTTP Request,200,OK,500RutaPorSegundo 1-186,text,true,,396,264,270,270,http://127.0.0.1:5001/api/entregas,1618,0,1
1740548341121,1259,HTTP Request,200,OK,500RutaPorSegundo 1-368,text,true,,396,264,269,269,http://127.0.0.1:5001/api/entregas,1259,0,0
1740548341130,1252,HTTP Request,200,OK,500RutaPorSegundo 1-371,text,true,,396,264,268,268,http://127.0.0.1:5001/api/entregas,1252,0,1
1740548340922,1461,HTTP Request,200,OK,500RutaPorSegundo 1-268,text,true,,395,264,267,267,http://127.0.0.1:5001/api/entregas,1461,0,1
1740548341121,1262,HTTP Request,200,OK,500RutaPorSegundo 1-364,text,true,,396,264,266,266,http://127.0.0.1:5001/api/entregas,1262,0,0
1740548340633,1752,HTTP Request,200,OK,500RutaPorSegundo 1-123,text,true,,398,264,265,265,http://127.0.0.1:5001/api/entregas,1752,0,2
1740548341220,1166,HTTP Request,200,OK,500RutaPorSegundo 1-417,text,true,,396,264,264,264,http://127.0.0.1:5001/api/entregas,1166,0,1
1740548341223,1165,HTTP Request,200,OK,500RutaPorSegundo 1-419,text,true,,394,264,263,263,http://127.0.0.1:5001/api/entregas,1165,0,1
1740548341203,1190,HTTP Request,200,OK,500RutaPorSegundo 1-407,text,true,,396,264,262,262,http://127.0.0.1:5001/api/entregas,1190,0,1
1740548341168,1227,HTTP Request,200,OK,500RutaPorSegundo 1-391,text,true,,396,264,261,261,http://127.0.0.1:5001/api/entregas,1227,0,2
1740548341295,1111,HTTP Request,200,OK,500RutaPorSegundo 1-454,text,true,,396,264,260,260,http://127.0.0.1:5001/api/entregas,1111,0,1
1740548340829,1583,HTTP Request,200,OK,500RutaPorSegundo 1-221,text,true,,397,264,259,259,http://127.0.0.1:5001/api/entregas,1583,0,1
1740548341303,1110,HTTP Request,200,OK,500RutaPorSegundo 1-457,text,true,,393,264,258,258,http://127.0.0.1:5001/api/entregas,1110,0,1
1740548340725,1691,HTTP Request,200,OK,500RutaPorSegundo 1-169,text,true,,396,264,257,257,http://127.0.0.1:5001/api/entregas,1691,0,1
1740548340778,1638,HTTP Request,200,OK,500RutaPorSegundo 1-196,text,true,,396,264,257,257,http://127.0.0.1:5001/api/entregas,1638,0,1
1740548340976,1440,HTTP Request,200,OK,500RutaPorSegundo 1-294,text,true,,395,264,256,256,http://127.0.0.1:5001/api/entregas,1440,0,1
1740548340814,1615,HTTP Request,200,OK,500RutaPorSegundo 1-215,text,true,,397,264,254,254,http://127.0.0.1:5001/api/entregas,1615,0,1
1740548341279,1156,HTTP Request,200,OK,500RutaPorSegundo 1-447,text,true,,398,264,253,253,http://127.0.0.1:5001/api/entregas,1156,0,0
1740548340721,1732,HTTP Request,200,OK,500RutaPorSegundo 1-168,text,true,,397,264,252,252,http://127.0.0.1:5001/api/entregas,1732,0,0
1740548340904,1565,HTTP Request,200,OK,500RutaPorSegundo 1-260,text,true,,396,264,251,251,http://127.0.0.1:5001/api/entregas,1565,0,0
1740548340687,1785,HTTP Request,200,OK,500RutaPorSegundo 1-150,text,true,,395,264,250,250,http://127.0.0.1:5001/api/entregas,1785,0,1
1740548340971,1502,HTTP Request,200,OK,500RutaPorSegundo 1-293,text,true,,394,264,249,249,http://127.0.0.1:5001/api/entregas,1502,0,1
1740548340912,1574,HTTP Request,200,OK,500RutaPorSegundo 1-264,text,true,,395,264,248,248,http://127.0.0.1:5001/api/entregas,1574,0,1
1740548341255,1233,HTTP Request,200,OK,500RutaPorSegundo 1-435,text,true,,395,264,247,247,http://127.0.0.1:5001/api/entregas,1233,0,0
1740548341317,1173,HTTP Request,200,OK,500RutaPorSegundo 1-466,text,true,,394,264,246,246,http://127.0.0.1:5001/api/entregas,1173,0,0
1740548340725,1773,HTTP Request,200,OK,500RutaPorSegundo 1-170,text,true,,395,264,245,245,http://127.0.0.1:5001/api/entregas,1772,0,1
1740548341337,1162,HTTP Request,200,OK,500RutaPorSegundo 1-476,text,true,,392,264,244,244,http://127.0.0.1:5001/api/entregas,1162,0,1
1740548340965,1537,HTTP Request,200,OK,500RutaPorSegundo 1-290,text,true,,396,264,243,243,http://127.0.0.1:5001/api/entregas,1536,0,1
1740548340836,1667,HTTP Request,200,OK,500RutaPorSegundo 1-224,text,true,,395,264,242,242,http://127.0.0.1:5001/api/entregas,1667,0,1
1740548340810,1694,HTTP Request,200,OK,500RutaPorSegundo 1-213,text,true,,396,264,241,241,http://127.0.0.1:5001/api/entregas,1694,0,1
1740548341052,1454,HTTP Request,200,OK,500RutaPorSegundo 1-333,text,true,,394,264,240,240,http://127.0.0.1:5001/api/entregas,1454,0,1
1740548340943,1564,HTTP Request,200,OK,500RutaPorSegundo 1-278,text,true,,396,264,239,239,http://127.0.0.1:5001/api/entregas,1564,0,1
1740548341388,1126,HTTP Request,200,OK,500RutaPorSegundo 1-500,text,true,,394,264,238,238,http://127.0.0.1:5001/api/entregas,1126,0,1
1740548340732,1791,HTTP Request,200,OK,500RutaPorSegundo 1-174,text,true,,394,264,237,237,http://127.0.0.1:5001/api/entregas,1791,0,0
1740548341076,1472,HTTP Request,200,OK,500RutaPorSegundo 1-343,text,true,,395,264,236,236,http://127.0.0.1:5001/api/entregas,1471,0,1
1740548340770,1791,HTTP Request,200,OK,500RutaPorSegundo 1-192,text,true,,394,264,235,235,http://127.0.0.1:5001/api/entregas,1791,0,1
1740548341121,1447,HTTP Request,200,OK,500RutaPorSegundo 1-366,text,true,,395,264,234,234,http://127.0.0.1:5001/api/entregas,1447,0,1
1740548340927,1646,HTTP Request,200,OK,500RutaPorSegundo 1-270,text,true,,395,264,233,233,http://127.0.0.1:5001/api/entregas,1645,0,1
1740548340921,1664,HTTP Request,200,OK,500RutaPorSegundo 1-267,text,true,,396,264,232,232,http://127.0.0.1:5001/api/entregas,1664,0,1
1740548340858,1728,HTTP Request,200,OK,500RutaPorSegundo 1-237,text,true,,397,264,231,231,http://127.0.0.1:5001/api/entregas,1728,0,2
1740548340772,1818,HTTP Request,200,OK,500RutaPorSegundo 1-193,text,true,,396,264,230,230,http://127.0.0.1:5001/api/entregas,1818,0,1
1740548341207,1392,HTTP Request,200,OK,500RutaPorSegundo 1-411,text,true,,397,264,229,229,http://127.0.0.1:5001/api/entregas,1392,0,1
1740548341183,1418,HTTP Request,200,OK,500RutaPorSegundo 1-399,text,true,,393,264,228,228,http://127.0.0.1:5001/api/entregas,1418,0,1
1740548340990,1625,HTTP Request,200,OK,500RutaPorSegundo 1-302,text,true,,397,264,227,227,http://127.0.0.1:5001/api/entregas,1625,0,0
1740548341172,1444,HTTP Request,200,OK,500RutaPorSegundo 1-392,text,true,,394,264,226,226,http://127.0.0.1:5001/api/entregas,1444,0,1
1740548341234,1393,HTTP Request,200,OK,500RutaPorSegundo 1-422,text,true,,395,264,225,225,http://127.0.0.1:5001/api/entregas,1392,0,1
1740548341266,1372,HTTP Request,200,OK,500RutaPorSegundo 1-439,text,true,,393,264,224,224,http://127.0.0.1:5001/api/entregas,1372,0,0
1740548341313,1325,HTTP Request,200,OK,500RutaPorSegundo 1-463,text,true,,393,264,223,223,http://127.0.0.1:5001/api/entregas,1325,0,1
1740548341319,1323,HTTP Request,200,OK,500RutaPorSegundo 1-467,text,true,,395,264,222,222,http://127.0.0.1:5001/api/entregas,1322,0,0
1740548341323,1322,HTTP Request,200,OK,500RutaPorSegundo 1-469,text,true,,397,264,221,221,http://127.0.0.1:5001/api/entregas,1322,0,1
1740548341332,1324,HTTP Request,200,OK,500RutaPorSegundo 1-474,text,true,,393,264,220,220,http://127.0.0.1:5001/api/entregas,1324,0,1
1740548341008,1663,HTTP Request,200,OK,500RutaPorSegundo 1-312,text,true,,393,264,219,219,http://127.0.0.1:5001/api/entregas,1663,0,1
1740548341343,1331,HTTP Request,200,OK,500RutaPorSegundo 1-477,text,true,,393,264,218,218,http://127.0.0.1:5001/api/entregas,1331,0,0
1740548340923,1754,HTTP Request,200,OK,500RutaPorSegundo 1-269,text,true,,395,264,217,217,http://127.0.0.1:5001/api/entregas,1754,0,0
1740548340913,1766,HTTP Request,200,OK,500RutaPorSegundo 1-263,text,true,,396,264,216,216,http://127.0.0.1:5001/api/entregas,1766,0,0
1740548340842,1841,HTTP Request,200,OK,500RutaPorSegundo 1-228,text,true,,397,264,215,215,http://127.0.0.1:5001/api/entregas,1841,0,1
1740548340948,1739,HTTP Request,200,OK,500RutaPorSegundo 1-281,text,true,,396,264,214,214,http://127.0.0.1:5001/api/entregas,1739,0,1
1740548340927,1763,HTTP Request,200,OK,500RutaPorSegundo 1-271,text,true,,396,264,213,213,http://127.0.0.1:5001/api/entregas,1763,0,1
1740548340857,1838,HTTP Request,200,OK,500RutaPorSegundo 1-236,text,true,,395,264,212,212,http://127.0.0.1:5001/api/entregas,1838,0,0
1740548341007,1696,HTTP Request,200,OK,500RutaPorSegundo 1-309,text,true,,397,264,211,211,http://127.0.0.1:5001/api/entregas,1696,0,1
1740548341039,1673,HTTP Request,200,OK,500RutaPorSegundo 1-325,text,true,,393,264,210,210,http://127.0.0.1:5001/api/entregas,1673,0,1
1740548341373,1349,HTTP Request,200,OK,500RutaPorSegundo 1-494,text,true,,397,264,209,209,http://127.0.0.1:5001/api/entregas,1349,0,1
1740548340965,1779,HTTP Request,200,OK,500RutaPorSegundo 1-289,text,true,,395,264,208,208,http://127.0.0.1:5001/api/entregas,1779,0,1
1740548341016,1731,HTTP Request,200,OK,500RutaPorSegundo 1-315,text,true,,396,264,207,207,http://127.0.0.1:5001/api/entregas,1731,0,1
1740548341058,1694,HTTP Request,200,OK,500RutaPorSegundo 1-334,text,true,,395,264,206,206,http://127.0.0.1:5001/api/entregas,1693,0,0
1740548341360,1395,HTTP Request,200,OK,500RutaPorSegundo 1-485,text,true,,397,264,205,205,http://127.0.0.1:5001/api/entregas,1395,0,2
1740548340749,2014,HTTP Request,200,OK,500RutaPorSegundo 1-180,text,true,,395,264,204,204,http://127.0.0.1:5001/api/entregas,2014,0,1
1740548340873,1891,HTTP Request,200,OK,500RutaPorSegundo 1-244,text,true,,396,264,203,203,http://127.0.0.1:5001/api/entregas,1891,0,0
1740548340882,1884,HTTP Request,200,OK,500RutaPorSegundo 1-248,text,true,,397,264,202,202,http://127.0.0.1:5001/api/entregas,1884,0,1
1740548341084,1685,HTTP Request,200,OK,500RutaPorSegundo 1-347,text,true,,393,264,201,201,http://127.0.0.1:5001/api/entregas,1685,0,0
1740548341046,1723,HTTP Request,200,OK,500RutaPorSegundo 1-330,text,true,,395,264,200,200,http://127.0.0.1:5001/api/entregas,1723,0,0
1740548341173,1598,HTTP Request,200,OK,500RutaPorSegundo 1-390,text,true,,393,264,199,199,http://127.0.0.1:5001/api/entregas,1598,0,1
1740548340716,2057,HTTP Request,200,OK,500RutaPorSegundo 1-165,text,true,,397,264,198,198,http://127.0.0.1:5001/api/entregas,2057,0,1
1740548341235,1543,HTTP Request,200,OK,500RutaPorSegundo 1-425,text,true,,394,264,197,197,http://127.0.0.1:5001/api/entregas,1543,0,1
1740548340807,1973,HTTP Request,200,OK,500RutaPorSegundo 1-209,text,true,,391,264,196,196,http://127.0.0.1:5001/api/entregas,1973,0,0
1740548340813,1969,HTTP Request,200,OK,500RutaPorSegundo 1-214,text,true,,396,264,195,195,http://127.0.0.1:5001/api/entregas,1969,0,0
1740548340885,1903,HTTP Request,200,OK,500RutaPorSegundo 1-250,text,true,,395,264,194,194,http://127.0.0.1:5001/api/entregas,1903,0,0
1740548340863,1933,HTTP Request,200,OK,500RutaPorSegundo 1-239,text,true,,395,264,193,193,http://127.0.0.1:5001/api/entregas,1933,0,1
1740548341029,1769,HTTP Request,200,OK,500RutaPorSegundo 1-322,text,true,,395,264,192,192,http://127.0.0.1:5001/api/entregas,1769,0,1
1740548341149,1649,HTTP Request,200,OK,500RutaPorSegundo 1-381,text,true,,397,264,191,191,http://127.0.0.1:5001/api/entregas,1649,0,1
1740548341289,1516,HTTP Request,200,OK,500RutaPorSegundo 1-452,text,true,,396,264,190,190,http://127.0.0.1:5001/api/entregas,1516,0,0
1740548340979,1839,HTTP Request,200,OK,500RutaPorSegundo 1-297,text,true,,396,264,189,189,http://127.0.0.1:5001/api/entregas,1839,0,1
1740548341137,1682,HTTP Request,200,OK,500RutaPorSegundo 1-374,text,true,,395,264,188,188,http://127.0.0.1:5001/api/entregas,1682,0,1
1740548341296,1525,HTTP Request,200,OK,500RutaPorSegundo 1-455,text,true,,397,264,187,187,http://127.0.0.1:5001/api/entregas,1525,0,2
1740548341290,1532,HTTP Request,200,OK,500RutaPorSegundo 1-453,text,true,,395,264,186,186,http://127.0.0.1:5001/api/entregas,1532,0,1
1740548341241,1582,HTTP Request,200,OK,500RutaPorSegundo 1-428,text,true,,396,264,185,185,http://127.0.0.1:5001/api/entregas,1582,0,1
1740548341128,1701,HTTP Request,200,OK,500RutaPorSegundo 1-353,text,true,,396,264,184,184,http://127.0.0.1:5001/api/entregas,1701,0,1
1740548341140,1698,HTTP Request,200,OK,500RutaPorSegundo 1-355,text,true,,393,264,183,183,http://127.0.0.1:5001/api/entregas,1698,0,0
1740548341270,1559,HTTP Request,200,OK,500RutaPorSegundo 1-441,text,true,,394,264,183,183,http://127.0.0.1:5001/api/entregas,1559,0,1
1740548341029,1806,HTTP Request,200,OK,500RutaPorSegundo 1-321,text,true,,396,264,183,183,http://127.0.0.1:5001/api/entregas,1806,0,0
1740548341128,1706,HTTP Request,200,OK,500RutaPorSegundo 1-370,text,true,,397,264,183,183,http://127.0.0.1:5001/api/entregas,1706,0,0
1740548340954,1889,HTTP Request,200,OK,500RutaPorSegundo 1-283,text,true,,398,264,179,179,http://127.0.0.1:5001/api/entregas,1889,0,1
1740548341313,1531,HTTP Request,200,OK,500RutaPorSegundo 1-464,text,true,,393,264,178,178,http://127.0.0.1:5001/api/entregas,1531,0,1
1740548341019,1827,HTTP Request,200,OK,500RutaPorSegundo 1-316,text,true,,397,264,177,177,http://127.0.0.1:5001/api/entregas,1827,0,1
1740548340599,2252,HTTP Request,200,OK,500RutaPorSegundo 1-106,text,true,,396,264,176,176,http://127.0.0.1:5001/api/entregas,2252,0,1
1740548340848,2003,HTTP Request,200,OK,500RutaPorSegundo 1-232,text,true,,395,264,176,176,http://127.0.0.1:5001/api/entregas,2003,0,0
1740548340945,1907,HTTP Request,200,OK,500RutaPorSegundo 1-279,text,true,,395,264,174,174,http://127.0.0.1:5001/api/entregas,1907,0,3
1740548341043,1814,HTTP Request,200,OK,500RutaPorSegundo 1-327,text,true,,398,264,173,173,http://127.0.0.1:5001/api/entregas,1814,0,1
1740548340905,1952,HTTP Request,200,OK,500RutaPorSegundo 1-259,text,true,,395,264,172,172,http://127.0.0.1:5001/api/entregas,1952,0,1
1740548340996,1864,HTTP Request,200,OK,500RutaPorSegundo 1-305,text,true,,395,264,171,171,http://127.0.0.1:5001/api/entregas,1863,0,1
1740548340916,1946,HTTP Request,200,OK,500RutaPorSegundo 1-266,text,true,,395,264,170,170,http://127.0.0.1:5001/api/entregas,1946,0,0
1740548341191,1673,HTTP Request,200,OK,500RutaPorSegundo 1-403,text,true,,396,264,169,169,http://127.0.0.1:5001/api/entregas,1673,0,2
1740548341044,1820,HTTP Request,200,OK,500RutaPorSegundo 1-329,text,true,,397,264,168,168,http://127.0.0.1:5001/api/entregas,1820,0,1
1740548340825,2040,HTTP Request,200,OK,500RutaPorSegundo 1-220,text,true,,396,264,167,167,http://127.0.0.1:5001/api/entregas,2040,0,1
1740548340845,2029,HTTP Request,200,OK,500RutaPorSegundo 1-229,text,true,,394,264,166,166,http://127.0.0.1:5001/api/entregas,2029,0,1
1740548340855,2025,HTTP Request,200,OK,500RutaPorSegundo 1-235,text,true,,396,264,165,165,http://127.0.0.1:5001/api/entregas,2025,0,1
1740548340945,1936,HTTP Request,200,OK,500RutaPorSegundo 1-280,text,true,,396,264,164,164,http://127.0.0.1:5001/api/entregas,1935,0,4
1740548341369,1514,HTTP Request,200,OK,500RutaPorSegundo 1-492,text,true,,395,264,163,163,http://127.0.0.1:5001/api/entregas,1514,0,0
1740548341020,1863,HTTP Request,200,OK,500RutaPorSegundo 1-317,text,true,,396,264,163,163,http://127.0.0.1:5001/api/entregas,1863,0,1
1740548341055,1830,HTTP Request,200,OK,500RutaPorSegundo 1-335,text,true,,396,264,161,161,http://127.0.0.1:5001/api/entregas,1830,0,1
1740548340897,1991,HTTP Request,200,OK,500RutaPorSegundo 1-255,text,true,,394,264,160,160,http://127.0.0.1:5001/api/entregas,1991,0,1
1740548341166,1731,HTTP Request,200,OK,500RutaPorSegundo 1-388,text,true,,397,264,159,159,http://127.0.0.1:5001/api/entregas,1731,0,1
1740548341040,1861,HTTP Request,200,OK,500RutaPorSegundo 1-326,text,true,,396,264,158,158,http://127.0.0.1:5001/api/entregas,1861,0,1
1740548340844,2059,HTTP Request,200,OK,500RutaPorSegundo 1-230,text,true,,395,264,157,157,http://127.0.0.1:5001/api/entregas,2059,0,1
1740548340737,2175,HTTP Request,200,OK,500RutaPorSegundo 1-175,text,true,,394,264,156,156,http://127.0.0.1:5001/api/entregas,2175,0,0
1740548340905,2020,HTTP Request,200,OK,500RutaPorSegundo 1-258,text,true,,395,264,155,155,http://127.0.0.1:5001/api/entregas,2019,0,1
1740548341172,1754,HTTP Request,200,OK,500RutaPorSegundo 1-393,text,true,,397,264,154,154,http://127.0.0.1:5001/api/entregas,1754,0,2
1740548341179,1751,HTTP Request,200,OK,500RutaPorSegundo 1-396,text,true,,395,264,153,153,http://127.0.0.1:5001/api/entregas,1751,0,0
1740548340969,1964,HTTP Request,200,OK,500RutaPorSegundo 1-292,text,true,,396,264,152,152,http://127.0.0.1:5001/api/entregas,1964,0,1
1740548341157,1777,HTTP Request,200,OK,500RutaPorSegundo 1-386,text,true,,394,264,151,151,http://127.0.0.1:5001/api/entregas,1777,0,1
1740548340879,2058,HTTP Request,200,OK,500RutaPorSegundo 1-247,text,true,,397,264,150,150,http://127.0.0.1:5001/api/entregas,2058,0,1
1740548340877,2062,HTTP Request,200,OK,500RutaPorSegundo 1-246,text,true,,396,264,149,149,http://127.0.0.1:5001/api/entregas,2062,0,1
1740548340761,2186,HTTP Request,200,OK,500RutaPorSegundo 1-188,text,true,,397,264,148,148,http://127.0.0.1:5001/api/entregas,2185,0,1
1740548341001,1950,HTTP Request,200,OK,500RutaPorSegundo 1-307,text,true,,395,264,147,147,http://127.0.0.1:5001/api/entregas,1950,0,0
1740548341154,1798,HTTP Request,200,OK,500RutaPorSegundo 1-384,text,true,,396,264,146,146,http://127.0.0.1:5001/api/entregas,1798,0,1
1740548341345,1609,HTTP Request,200,OK,500RutaPorSegundo 1-479,text,true,,396,264,145,145,http://127.0.0.1:5001/api/entregas,1609,0,2
1740548341007,1948,HTTP Request,200,OK,500RutaPorSegundo 1-311,text,true,,395,264,144,144,http://127.0.0.1:5001/api/entregas,1948,0,1
1740548341277,1686,HTTP Request,200,OK,500RutaPorSegundo 1-446,text,true,,397,264,143,143,http://127.0.0.1:5001/api/entregas,1686,0,0
1740548340784,2179,HTTP Request,200,OK,500RutaPorSegundo 1-200,text,true,,396,264,143,143,http://127.0.0.1:5001/api/entregas,2179,0,1
1740548341117,1847,HTTP Request,200,OK,500RutaPorSegundo 1-365,text,true,,395,264,141,141,http://127.0.0.1:5001/api/entregas,1847,0,1
1740548340829,2139,HTTP Request,200,OK,500RutaPorSegundo 1-222,text,true,,396,264,140,140,http://127.0.0.1:5001/api/entregas,2138,0,1
1740548341221,1747,HTTP Request,200,OK,500RutaPorSegundo 1-418,text,true,,395,264,139,139,http://127.0.0.1:5001/api/entregas,1747,0,0
1740548341148,1824,HTTP Request,200,OK,500RutaPorSegundo 1-352,text,true,,396,264,138,138,http://127.0.0.1:5001/api/entregas,1824,0,2
1740548341260,1714,HTTP Request,200,OK,500RutaPorSegundo 1-438,text,true,,396,264,137,137,http://127.0.0.1:5001/api/entregas,1714,0,1
1740548341063,1911,HTTP Request,200,OK,500RutaPorSegundo 1-339,text,true,,396,264,136,136,http://127.0.0.1:5001/api/entregas,1911,0,1
1740548340895,2080,HTTP Request,200,OK,500RutaPorSegundo 1-253,text,true,,393,264,135,135,http://127.0.0.1:5001/api/entregas,2080,0,1
1740548341357,1619,HTTP Request,200,OK,500RutaPorSegundo 1-486,text,true,,396,264,134,134,http://127.0.0.1:5001/api/entregas,1619,0,1
1740548341253,1723,HTTP Request,200,OK,500RutaPorSegundo 1-434,text,true,,395,264,133,133,http://127.0.0.1:5001/api/entregas,1723,0,1
1740548341081,1898,HTTP Request,200,OK,500RutaPorSegundo 1-348,text,true,,394,264,132,132,http://127.0.0.1:5001/api/entregas,1898,0,1
1740548340993,1986,HTTP Request,200,OK,500RutaPorSegundo 1-304,text,true,,397,264,131,131,http://127.0.0.1:5001/api/entregas,1986,0,2
1740548341230,1755,HTTP Request,200,OK,500RutaPorSegundo 1-421,text,true,,397,264,130,130,http://127.0.0.1:5001/api/entregas,1755,0,1
1740548341085,1904,HTTP Request,200,OK,500RutaPorSegundo 1-349,text,true,,395,264,129,129,http://127.0.0.1:5001/api/entregas,1904,0,1
1740548340871,2125,HTTP Request,200,OK,500RutaPorSegundo 1-242,text,true,,395,264,128,128,http://127.0.0.1:5001/api/entregas,2125,0,0
1740548341204,1793,HTTP Request,200,OK,500RutaPorSegundo 1-409,text,true,,396,264,127,127,http://127.0.0.1:5001/api/entregas,1793,0,0
1740548340943,2055,HTTP Request,200,OK,500RutaPorSegundo 1-277,text,true,,394,264,126,126,http://127.0.0.1:5001/api/entregas,2055,0,1
1740548341128,1881,HTTP Request,200,OK,500RutaPorSegundo 1-362,text,true,,395,264,125,125,http://127.0.0.1:5001/api/entregas,1881,0,0
1740548340961,2051,HTTP Request,200,OK,500RutaPorSegundo 1-288,text,true,,395,264,124,124,http://127.0.0.1:5001/api/entregas,2051,0,1
1740548340929,2089,HTTP Request,200,OK,500RutaPorSegundo 1-272,text,true,,393,264,123,123,http://127.0.0.1:5001/api/entregas,2089,0,0
1740548340745,2276,HTTP Request,200,OK,500RutaPorSegundo 1-179,text,true,,397,264,122,122,http://127.0.0.1:5001/api/entregas,2276,0,0
1740548341036,1986,HTTP Request,200,OK,500RutaPorSegundo 1-324,text,true,,394,264,121,121,http://127.0.0.1:5001/api/entregas,1986,0,2
1740548341145,1881,HTTP Request,200,OK,500RutaPorSegundo 1-379,text,true,,394,264,120,120,http://127.0.0.1:5001/api/entregas,1881,0,1
1740548340955,2072,HTTP Request,200,OK,500RutaPorSegundo 1-285,text,true,,395,264,119,119,http://127.0.0.1:5001/api/entregas,2071,0,0
1740548340899,2128,HTTP Request,200,OK,500RutaPorSegundo 1-256,text,true,,395,264,118,118,http://127.0.0.1:5001/api/entregas,2128,0,2
1740548341344,1684,HTTP Request,200,OK,500RutaPorSegundo 1-478,text,true,,395,264,117,117,http://127.0.0.1:5001/api/entregas,1683,0,1
1740548341216,1812,HTTP Request,200,OK,500RutaPorSegundo 1-415,text,true,,395,264,116,116,http://127.0.0.1:5001/api/entregas,1812,0,1
1740548341137,1895,HTTP Request,200,OK,500RutaPorSegundo 1-375,text,true,,395,264,115,115,http://127.0.0.1:5001/api/entregas,1894,0,1
1740548341347,1686,HTTP Request,200,OK,500RutaPorSegundo 1-481,text,true,,395,264,114,114,http://127.0.0.1:5001/api/entregas,1686,0,1
1740548341300,1741,HTTP Request,200,OK,500RutaPorSegundo 1-458,text,true,,395,264,113,113,http://127.0.0.1:5001/api/entregas,1741,0,1
1740548341016,2028,HTTP Request,200,OK,500RutaPorSegundo 1-314,text,true,,396,264,112,112,http://127.0.0.1:5001/api/entregas,2028,0,1
1740548341000,2046,HTTP Request,200,OK,500RutaPorSegundo 1-306,text,true,,393,264,111,111,http://127.0.0.1:5001/api/entregas,2046,0,1
1740548341366,1685,HTTP Request,200,OK,500RutaPorSegundo 1-491,text,true,,393,264,110,110,http://127.0.0.1:5001/api/entregas,1685,0,1
1740548341176,1879,HTTP Request,200,OK,500RutaPorSegundo 1-394,text,true,,396,264,109,109,http://127.0.0.1:5001/api/entregas,1879,0,1
1740548341078,1977,HTTP Request,200,OK,500RutaPorSegundo 1-345,text,true,,397,264,108,108,http://127.0.0.1:5001/api/entregas,1977,0,0
1740548341148,1908,HTTP Request,200,OK,500RutaPorSegundo 1-380,text,true,,397,264,107,107,http://127.0.0.1:5001/api/entregas,1908,0,2
1740548341185,1872,HTTP Request,200,OK,500RutaPorSegundo 1-400,text,true,,393,264,106,106,http://127.0.0.1:5001/api/entregas,1872,0,0
1740548341155,1904,HTTP Request,200,OK,500RutaPorSegundo 1-385,text,true,,395,264,105,105,http://127.0.0.1:5001/api/entregas,1904,0,1
1740548340801,2264,HTTP Request,200,OK,500RutaPorSegundo 1-208,text,true,,394,264,104,104,http://127.0.0.1:5001/api/entregas,2264,0,1
1740548341264,1802,HTTP Request,200,OK,500RutaPorSegundo 1-440,text,true,,395,264,103,103,http://127.0.0.1:5001/api/entregas,1802,0,0
1740548341213,1861,HTTP Request,200,OK,500RutaPorSegundo 1-412,text,true,,395,264,102,102,http://127.0.0.1:5001/api/entregas,1861,0,0
1740548341213,1866,HTTP Request,200,OK,500RutaPorSegundo 1-414,text,true,,397,264,101,101,http://127.0.0.1:5001/api/entregas,1866,0,0
1740548341111,1977,HTTP Request,200,OK,500RutaPorSegundo 1-363,text,true,,397,264,100,100,http://127.0.0.1:5001/api/entregas,1977,0,1
1740548341001,2087,HTTP Request,200,OK,500RutaPorSegundo 1-308,text,true,,396,264,99,99,http://127.0.0.1:5001/api/entregas,2087,0,0
1740548341038,2051,HTTP Request,200,OK,500RutaPorSegundo 1-323,text,true,,396,264,98,98,http://127.0.0.1:5001/api/entregas,2051,0,2
1740548341070,2019,HTTP Request,200,OK,500RutaPorSegundo 1-342,text,true,,392,264,98,98,http://127.0.0.1:5001/api/entregas,2019,0,1
1740548341133,1956,HTTP Request,200,OK,500RutaPorSegundo 1-373,text,true,,392,264,96,96,http://127.0.0.1:5001/api/entregas,1956,0,1
1740548340787,2304,HTTP Request,200,OK,500RutaPorSegundo 1-201,text,true,,394,264,95,95,http://127.0.0.1:5001/api/entregas,2304,0,2
1740548340816,2277,HTTP Request,200,OK,500RutaPorSegundo 1-216,text,true,,396,264,94,94,http://127.0.0.1:5001/api/entregas,2277,0,0
1740548341331,1765,HTTP Request,200,OK,500RutaPorSegundo 1-473,text,true,,396,264,93,93,http://127.0.0.1:5001/api/entregas,1765,0,1
1740548340977,2120,HTTP Request,200,OK,500RutaPorSegundo 1-295,text,true,,393,264,92,92,http://127.0.0.1:5001/api/entregas,2120,0,0
1740548341067,2031,HTTP Request,200,OK,500RutaPorSegundo 1-341,text,true,,397,264,91,91,http://127.0.0.1:5001/api/entregas,2031,0,1
1740548341235,1866,HTTP Request,200,OK,500RutaPorSegundo 1-424,text,true,,395,264,90,90,http://127.0.0.1:5001/api/entregas,1866,0,1
1740548341122,1980,HTTP Request,200,OK,500RutaPorSegundo 1-360,text,true,,394,264,89,89,http://127.0.0.1:5001/api/entregas,1980,0,1
1740548340853,2249,HTTP Request,200,OK,500RutaPorSegundo 1-234,text,true,,394,264,88,88,http://127.0.0.1:5001/api/entregas,2249,0,1
1740548341327,1780,HTTP Request,200,OK,500RutaPorSegundo 1-470,text,true,,395,264,87,87,http://127.0.0.1:5001/api/entregas,1780,0,0
1740548341156,1954,HTTP Request,200,OK,500RutaPorSegundo 1-383,text,true,,397,264,86,86,http://127.0.0.1:5001/api/entregas,1954,0,0
1740548341252,1858,HTTP Request,200,OK,500RutaPorSegundo 1-433,text,true,,394,264,86,86,http://127.0.0.1:5001/api/entregas,1858,0,0
1740548341247,1868,HTTP Request,200,OK,500RutaPorSegundo 1-431,text,true,,397,264,84,84,http://127.0.0.1:5001/api/entregas,1868,0,1
1740548341052,2076,HTTP Request,200,OK,500RutaPorSegundo 1-331,text,true,,397,264,83,83,http://127.0.0.1:5001/api/entregas,2076,0,1
1740548340861,2274,HTTP Request,200,OK,500RutaPorSegundo 1-238,text,true,,397,264,82,82,http://127.0.0.1:5001/api/entregas,2274,0,0
1740548341303,1834,HTTP Request,200,OK,500RutaPorSegundo 1-459,text,true,,394,264,81,81,http://127.0.0.1:5001/api/entregas,1834,0,1
1740548341355,1786,HTTP Request,200,OK,500RutaPorSegundo 1-483,text,true,,394,264,80,80,http://127.0.0.1:5001/api/entregas,1786,0,1
1740548341212,1936,HTTP Request,200,OK,500RutaPorSegundo 1-413,text,true,,396,264,79,79,http://127.0.0.1:5001/api/entregas,1936,0,1
1740548341351,1798,HTTP Request,200,OK,500RutaPorSegundo 1-482,text,true,,394,264,79,79,http://127.0.0.1:5001/api/entregas,1798,0,1
1740548340805,2344,HTTP Request,200,OK,500RutaPorSegundo 1-210,text,true,,395,264,77,77,http://127.0.0.1:5001/api/entregas,2344,0,1
1740548340915,2234,HTTP Request,200,OK,500RutaPorSegundo 1-265,text,true,,398,264,77,77,http://127.0.0.1:5001/api/entregas,2234,0,1
1740548341383,1768,HTTP Request,200,OK,500RutaPorSegundo 1-499,text,true,,394,264,75,75,http://127.0.0.1:5001/api/entregas,1768,0,0
1740548341178,1973,HTTP Request,200,OK,500RutaPorSegundo 1-397,text,true,,394,264,75,75,http://127.0.0.1:5001/api/entregas,1973,0,1
1740548341285,1869,HTTP Request,200,OK,500RutaPorSegundo 1-450,text,true,,397,264,73,73,http://127.0.0.1:5001/api/entregas,1869,0,0
1740548341063,2091,HTTP Request,200,OK,500RutaPorSegundo 1-337,text,true,,395,264,72,72,http://127.0.0.1:5001/api/entregas,2091,0,1
1740548341307,1849,HTTP Request,200,OK,500RutaPorSegundo 1-461,text,true,,397,264,71,71,http://127.0.0.1:5001/api/entregas,1849,0,0
1740548341194,1968,HTTP Request,200,OK,500RutaPorSegundo 1-404,text,true,,396,264,70,70,http://127.0.0.1:5001/api/entregas,1968,0,1
1740548341193,1974,HTTP Request,200,OK,500RutaPorSegundo 1-402,text,true,,395,264,69,69,http://127.0.0.1:5001/api/entregas,1974,0,0
1740548340843,2326,HTTP Request,200,OK,500RutaPorSegundo 1-227,text,true,,395,264,68,68,http://127.0.0.1:5001/api/entregas,2326,0,1
1740548341364,1813,HTTP Request,200,OK,500RutaPorSegundo 1-490,text,true,,396,264,67,67,http://127.0.0.1:5001/api/entregas,1813,0,1
1740548341179,2003,HTTP Request,200,OK,500RutaPorSegundo 1-395,text,true,,396,264,66,66,http://127.0.0.1:5001/api/entregas,2003,0,1
1740548341162,2020,HTTP Request,200,OK,500RutaPorSegundo 1-387,text,true,,395,264,65,65,http://127.0.0.1:5001/api/entregas,2020,0,1
1740548341167,2022,HTTP Request,200,OK,500RutaPorSegundo 1-389,text,true,,392,264,64,64,http://127.0.0.1:5001/api/entregas,2021,0,3
1740548341271,1925,HTTP Request,200,OK,500RutaPorSegundo 1-443,text,true,,396,264,63,63,http://127.0.0.1:5001/api/entregas,1925,0,1
1740548341126,2079,HTTP Request,200,OK,500RutaPorSegundo 1-369,text,true,,396,264,62,62,http://127.0.0.1:5001/api/entregas,2079,0,1
1740548341065,2147,HTTP Request,200,OK,500RutaPorSegundo 1-338,text,true,,396,264,61,61,http://127.0.0.1:5001/api/entregas,2147,0,1
1740548340906,2306,HTTP Request,200,OK,500RutaPorSegundo 1-261,text,true,,394,264,60,60,http://127.0.0.1:5001/api/entregas,2306,0,1
1740548341130,2085,HTTP Request,200,OK,500RutaPorSegundo 1-372,text,true,,396,264,59,59,http://127.0.0.1:5001/api/entregas,2085,0,1
1740548341079,2140,HTTP Request,200,OK,500RutaPorSegundo 1-346,text,true,,397,264,58,58,http://127.0.0.1:5001/api/entregas,2140,0,0
1740548341257,1968,HTTP Request,200,OK,500RutaPorSegundo 1-436,text,true,,397,264,57,57,http://127.0.0.1:5001/api/entregas,1968,0,1
1740548340754,2473,HTTP Request,200,OK,500RutaPorSegundo 1-184,text,true,,396,264,56,56,http://127.0.0.1:5001/api/entregas,2473,0,1
1740548340895,2334,HTTP Request,200,OK,500RutaPorSegundo 1-254,text,true,,395,264,55,55,http://127.0.0.1:5001/api/entregas,2334,0,1
1740548341225,2005,HTTP Request,200,OK,500RutaPorSegundo 1-420,text,true,,395,264,54,54,http://127.0.0.1:5001/api/entregas,2004,0,2
1740548341286,1945,HTTP Request,200,OK,500RutaPorSegundo 1-451,text,true,,396,264,53,53,http://127.0.0.1:5001/api/entregas,1945,0,1
1740548341217,2015,HTTP Request,200,OK,500RutaPorSegundo 1-416,text,true,,394,264,52,52,http://127.0.0.1:5001/api/entregas,2015,0,0
1740548341282,1953,HTTP Request,200,OK,500RutaPorSegundo 1-448,text,true,,395,264,51,51,http://127.0.0.1:5001/api/entregas,1953,0,0
1740548340877,2358,HTTP Request,200,OK,500RutaPorSegundo 1-245,text,true,,396,264,51,51,http://127.0.0.1:5001/api/entregas,2358,0,1
1740548341144,2091,HTTP Request,200,OK,500RutaPorSegundo 1-377,text,true,,395,264,49,49,http://127.0.0.1:5001/api/entregas,2091,0,1
1740548341114,2122,HTTP Request,200,OK,500RutaPorSegundo 1-354,text,true,,395,264,48,48,http://127.0.0.1:5001/api/entregas,2122,0,0
1740548341327,1914,HTTP Request,200,OK,500RutaPorSegundo 1-471,text,true,,395,264,47,47,http://127.0.0.1:5001/api/entregas,1914,0,0
1740548341313,1928,HTTP Request,200,OK,500RutaPorSegundo 1-462,text,true,,395,264,47,47,http://127.0.0.1:5001/api/entregas,1928,0,1
1740548341138,2107,HTTP Request,200,OK,500RutaPorSegundo 1-376,text,true,,396,264,45,45,http://127.0.0.1:5001/api/entregas,2107,0,0
1740548341054,2192,HTTP Request,200,OK,500RutaPorSegundo 1-332,text,true,,397,264,44,44,http://127.0.0.1:5001/api/entregas,2191,0,0
1740548341270,1979,HTTP Request,200,OK,500RutaPorSegundo 1-442,text,true,,396,264,43,43,http://127.0.0.1:5001/api/entregas,1979,0,1
1740548340850,2399,HTTP Request,200,OK,500RutaPorSegundo 1-233,text,true,,394,264,42,42,http://127.0.0.1:5001/api/entregas,2399,0,0
1740548341139,2111,HTTP Request,200,OK,500RutaPorSegundo 1-350,text,true,,397,264,41,41,http://127.0.0.1:5001/api/entregas,2111,0,1
1740548340935,2316,HTTP Request,200,OK,500RutaPorSegundo 1-275,text,true,,392,264,40,40,http://127.0.0.1:5001/api/entregas,2316,0,0
1740548340836,2419,HTTP Request,200,OK,500RutaPorSegundo 1-225,text,true,,395,264,39,39,http://127.0.0.1:5001/api/entregas,2419,0,1
1740548341025,2232,HTTP Request,200,OK,500RutaPorSegundo 1-319,text,true,,393,264,38,38,http://127.0.0.1:5001/api/entregas,2232,0,1
1740548341375,1885,HTTP Request,200,OK,500RutaPorSegundo 1-493,text,true,,396,264,37,37,http://127.0.0.1:5001/api/entregas,1885,0,0
1740548340796,2466,HTTP Request,200,OK,500RutaPorSegundo 1-204,text,true,,396,264,36,36,http://127.0.0.1:5001/api/entregas,2466,0,1
1740548341186,2077,HTTP Request,200,OK,500RutaPorSegundo 1-401,text,true,,394,264,35,35,http://127.0.0.1:5001/api/entregas,2077,0,5
1740548341376,1894,HTTP Request,200,OK,500RutaPorSegundo 1-495,text,true,,395,264,34,34,http://127.0.0.1:5001/api/entregas,1894,0,1
1740548340790,2481,HTTP Request,200,OK,500RutaPorSegundo 1-203,text,true,,395,264,33,33,http://127.0.0.1:5001/api/entregas,2481,0,0
1740548341198,2073,HTTP Request,200,OK,500RutaPorSegundo 1-406,text,true,,396,264,32,32,http://127.0.0.1:5001/api/entregas,2073,0,0
1740548341153,2120,HTTP Request,200,OK,500RutaPorSegundo 1-382,text,true,,394,264,31,31,http://127.0.0.1:5001/api/entregas,2120,0,2
1740548340969,2304,HTTP Request,200,OK,500RutaPorSegundo 1-291,text,true,,394,264,31,31,http://127.0.0.1:5001/api/entregas,2304,0,0
1740548340778,2496,HTTP Request,200,OK,500RutaPorSegundo 1-195,text,true,,396,264,29,29,http://127.0.0.1:5001/api/entregas,2496,0,1
1740548341297,1980,HTTP Request,200,OK,500RutaPorSegundo 1-456,text,true,,395,264,28,28,http://127.0.0.1:5001/api/entregas,1979,0,1
1740548341236,2045,HTTP Request,200,OK,500RutaPorSegundo 1-426,text,true,,396,264,27,27,http://127.0.0.1:5001/api/entregas,2045,0,1
1740548340980,2302,HTTP Request,200,OK,500RutaPorSegundo 1-296,text,true,,395,264,26,26,http://127.0.0.1:5001/api/entregas,2302,0,1
1740548341376,1906,HTTP Request,200,OK,500RutaPorSegundo 1-496,text,true,,396,264,26,26,http://127.0.0.1:5001/api/entregas,1906,0,1
1740548341273,2009,HTTP Request,200,OK,500RutaPorSegundo 1-444,text,true,,395,264,24,24,http://127.0.0.1:5001/api/entregas,2009,0,1
1740548340957,2327,HTTP Request,200,OK,500RutaPorSegundo 1-284,text,true,,395,264,23,23,http://127.0.0.1:5001/api/entregas,2327,0,2
1740548341275,2011,HTTP Request,200,OK,500RutaPorSegundo 1-445,text,true,,396,264,22,22,http://127.0.0.1:5001/api/entregas,2011,0,1
1740548341382,1907,HTTP Request,200,OK,500RutaPorSegundo 1-498,text,true,,396,264,21,21,http://127.0.0.1:5001/api/entregas,1907,0,0
1740548341196,2093,HTTP Request,200,OK,500RutaPorSegundo 1-405,text,true,,396,264,21,21,http://127.0.0.1:5001/api/entregas,2093,0,0
1740548341366,1924,HTTP Request,200,OK,500RutaPorSegundo 1-489,text,true,,395,264,19,19,http://127.0.0.1:5001/api/entregas,1924,0,1
1740548340981,2309,HTTP Request,200,OK,500RutaPorSegundo 1-298,text,true,,394,264,18,18,http://127.0.0.1:5001/api/entregas,2309,0,1
1740548341045,2246,HTTP Request,200,OK,500RutaPorSegundo 1-328,text,true,,396,264,17,17,http://127.0.0.1:5001/api/entregas,2246,0,1
1740548341070,2221,HTTP Request,200,OK,500RutaPorSegundo 1-340,text,true,,395,264,16,16,http://127.0.0.1:5001/api/entregas,2221,0,0
1740548341230,2065,HTTP Request,200,OK,500RutaPorSegundo 1-423,text,true,,394,264,15,15,http://127.0.0.1:5001/api/entregas,2065,0,0
1740548341243,2053,HTTP Request,200,OK,500RutaPorSegundo 1-429,text,true,,397,264,14,14,http://127.0.0.1:5001/api/entregas,2053,0,1
1740548341324,1973,HTTP Request,200,OK,500RutaPorSegundo 1-468,text,true,,393,264,13,13,http://127.0.0.1:5001/api/entregas,1973,0,2
1740548340871,2427,HTTP Request,200,OK,500RutaPorSegundo 1-243,text,true,,396,264,12,12,http://127.0.0.1:5001/api/entregas,2427,0,0
1740548341242,2056,HTTP Request,200,OK,500RutaPorSegundo 1-427,text,true,,397,264,11,11,http://127.0.0.1:5001/api/entregas,2056,0,1
1740548341364,1936,HTTP Request,200,OK,500RutaPorSegundo 1-488,text,true,,395,264,10,10,http://127.0.0.1:5001/api/entregas,1936,0,1
1740548341361,1940,HTTP Request,200,OK,500RutaPorSegundo 1-487,text,true,,394,264,9,9,http://127.0.0.1:5001/api/entregas,1940,0,1
1740548341250,2051,HTTP Request,200,OK,500RutaPorSegundo 1-432,text,true,,394,264,9,9,http://127.0.0.1:5001/api/entregas,2051,0,1
1740548341247,2055,HTTP Request,200,OK,500RutaPorSegundo 1-430,text,true,,393,264,7,7,http://127.0.0.1:5001/api/entregas,2055,0,1
1740548341204,2098,HTTP Request,200,OK,500RutaPorSegundo 1-408,text,true,,396,264,6,6,http://127.0.0.1:5001/api/entregas,2098,0,1
1740548341314,1990,HTTP Request,200,OK,500RutaPorSegundo 1-465,text,true,,396,264,5,5,http://127.0.0.1:5001/api/entregas,1990,0,1
1740548341027,2281,HTTP Request,200,OK,500RutaPorSegundo 1-320,text,true,,396,264,4,4,http://127.0.0.1:5001/api/entregas,2281,0,1
1740548341283,2040,HTTP Request,200,OK,500RutaPorSegundo 1-449,text,true,,397,264,3,3,http://127.0.0.1:5001/api/entregas,2040,0,1
1740548341123,2204,HTTP Request,200,OK,500RutaPorSegundo 1-367,text,true,,396,264,2,2,http://127.0.0.1:5001/api/entregas,2203,0,1
1740548341262,2076,HTTP Request,200,OK,500RutaPorSegundo 1-437,text,true,,395,264,1,1,http://127.0.0.1:5001/api/entregas,2076,0,1
